ArrivalDelay,DepartureDelay,PassengerType,Cleanliness,OnboardService,BookingService,FoodAndBeverages,SeatComfort,Entertainment,CustomerRating
38,51,Adult,3,5,5,Yes,2,3,3
10,23,Adult,4,3,5,No,4,2,4
20,32,Teenager,5,4,1,Yes,3,3,2
27,59,Senior Citizen,3,4,4,No,1,3,5
50,6,Adult,1,2,4,Yes,4,2,2
8,25,Adult,2,4,4,Yes,4,4,5
7,46,Senior Citizen,1,4,2,No,4,2,2
3,53,Adult,2,2,4,No,2,4,4
56,39,Adult,5,2,5,No,2,1,4
59,59,Adult,1,5,5,Yes,1,1,1
43,7,Senior Citizen,3,3,1,No,3,3,1
58,4,Teenager,2,1,4,Yes,1,4,2
32,47,Senior Citizen,5,3,4,No,3,3,1
34,36,Senior Citizen,3,1,5,No,3,1,2
41,59,Adult,3,1,4,Yes,4,5,5
14,42,Adult,4,5,3,Yes,4,2,2
44,56,Adult,4,4,4,No,4,3,2
54,27,Adult,1,1,1,Yes,1,4,5
40,2,Senior Citizen,3,1,5,Yes,3,2,4
23,14,Senior Citizen,1,4,1,No,1,2,4
11,38,Teenager,3,1,5,Yes,1,3,1
1,1,Teenager,5,1,1,Yes,2,5,4
25,31,Teenager,4,3,3,Yes,5,4,2
5,21,Senior Citizen,1,1,4,Yes,5,3,4
59,58,Senior Citizen,2,3,3,No,4,1,1
39,38,Teenager,1,3,4,Yes,1,2,2
34,6,Teenager,1,4,4,Yes,2,1,4
4,36,Senior Citizen,1,1,3,Yes,3,4,1
23,51,Senior Citizen,1,4,4,No,3,1,3
24,28,Teenager,2,2,3,No,5,1,4
32,3,Adult,5,4,3,Yes,1,4,3
50,21,Senior Citizen,5,3,3,Yes,2,5,1
27,46,Adult,5,4,5,No,3,4,3
48,16,Teenager,5,5,3,No,1,5,5
48,45,Adult,3,4,1,No,5,5,1
2,17,Adult,2,2,3,No,2,2,3
41,1,Teenager,1,1,1,Yes,5,2,2
34,49,Adult,5,4,2,Yes,1,4,5
19,0,Teenager,4,3,4,No,2,3,1
57,60,Teenager,2,2,1,No,2,3,4
36,32,Adult,4,4,4,Yes,4,5,4
29,46,Senior Citizen,4,5,2,No,2,3,1
55,18,Teenager,2,5,2,Yes,1,4,5
0,57,Teenager,1,2,1,No,5,5,1
15,60,Senior Citizen,5,5,3,No,2,3,5
21,56,Adult,4,5,1,No,4,5,4
15,25,Teenager,5,4,1,No,5,2,2
53,4,Teenager,4,2,2,Yes,2,1,5
44,3,Senior Citizen,2,1,4,No,3,4,4
49,34,Adult,1,5,3,Yes,5,4,3
0,32,Teenager,3,4,5,Yes,4,2,5
50,49,Senior Citizen,1,2,5,No,2,2,2
50,40,Senior Citizen,4,2,5,No,5,3,5
55,35,Adult,5,5,1,No,2,5,1
23,34,Adult,3,4,2,Yes,5,4,1
54,12,Senior Citizen,1,3,1,No,1,1,4
47,24,Teenager,5,3,3,Yes,4,4,5
40,18,Adult,4,4,3,No,5,5,3
11,24,Senior Citizen,5,4,5,Yes,1,5,5
41,57,Senior Citizen,2,5,3,Yes,5,3,3
17,46,Adult,2,2,4,Yes,5,5,2
8,49,Senior Citizen,2,2,5,Yes,5,3,5
0,21,Adult,1,5,4,No,4,3,5
43,53,Senior Citizen,3,2,2,Yes,3,5,5
49,27,Teenager,2,4,4,No,5,1,1
2,12,Teenager,1,4,1,Yes,1,5,2
43,44,Adult,5,5,5,Yes,4,5,4
34,18,Adult,2,1,1,No,1,5,3
15,22,Adult,3,4,2,No,4,4,5
7,57,Teenager,2,4,2,No,4,5,1
35,26,Teenager,1,1,1,Yes,4,5,4
47,28,Adult,3,5,2,Yes,5,1,2
9,55,Teenager,2,3,5,Yes,1,1,2
31,46,Adult,3,5,2,Yes,1,3,3
48,12,Adult,2,1,3,Yes,1,5,4
16,4,Senior Citizen,5,3,5,Yes,5,5,5
9,9,Senior Citizen,1,5,1,No,1,3,5
12,3,Teenager,1,1,2,No,2,2,2
53,53,Senior Citizen,3,2,4,Yes,4,5,3
56,16,Senior Citizen,5,5,2,Yes,3,4,2
37,49,Teenager,2,3,3,Yes,2,4,1
37,32,Senior Citizen,4,2,3,Yes,5,5,4
9,55,Adult,2,1,4,No,5,2,5
1,12,Teenager,3,3,3,Yes,1,3,4
39,3,Adult,3,3,3,Yes,2,5,2
50,18,Adult,5,2,4,No,5,5,1
4,40,Teenager,2,1,2,Yes,3,1,2
56,46,Adult,3,5,1,No,4,1,1
34,60,Senior Citizen,2,4,2,Yes,2,3,3
6,2,Senior Citizen,3,4,5,No,2,3,3
14,24,Senior Citizen,5,4,2,Yes,1,1,2
43,24,Adult,5,4,1,No,2,3,1
44,17,Senior Citizen,4,2,1,No,3,2,1
36,5,Teenager,2,3,3,Yes,5,1,1
52,21,Adult,4,3,1,Yes,3,3,5
35,23,Senior Citizen,2,4,4,Yes,4,1,3
56,1,Senior Citizen,3,2,3,Yes,4,5,2
53,3,Senior Citizen,4,1,4,Yes,4,1,2
13,37,Adult,3,4,5,Yes,3,1,2
55,9,Adult,2,4,2,Yes,2,4,1
36,8,Adult,1,3,3,No,1,5,4
43,49,Teenager,5,3,1,No,4,3,3
0,39,Teenager,4,5,3,Yes,5,4,3
20,36,Adult,3,3,2,No,4,1,5
41,24,Teenager,3,5,1,Yes,1,1,1
32,46,Senior Citizen,2,5,3,Yes,3,3,3
7,41,Senior Citizen,5,1,4,No,3,4,5
37,56,Adult,5,5,3,Yes,1,4,2
9,4,Senior Citizen,2,1,5,Yes,4,5,4
55,14,Adult,5,5,4,No,5,2,3
30,50,Senior Citizen,4,4,2,Yes,3,5,4
10,9,Teenager,2,3,4,No,5,2,1
32,46,Senior Citizen,4,4,4,No,4,5,5
7,41,Adult,4,2,1,No,3,5,1
21,10,Senior Citizen,1,5,5,No,4,1,1
53,54,Senior Citizen,5,1,5,Yes,2,4,1
52,25,Adult,3,4,1,No,3,2,2
26,33,Senior Citizen,1,3,3,No,3,3,1
6,51,Teenager,5,1,1,Yes,3,2,4
49,20,Adult,1,4,1,Yes,4,4,5
39,48,Senior Citizen,1,5,3,Yes,3,5,1
44,28,Teenager,3,2,1,No,3,2,2
53,27,Adult,2,3,4,Yes,5,3,2
9,18,Teenager,2,4,1,Yes,4,2,5
7,0,Adult,3,3,5,No,1,5,3
50,32,Senior Citizen,2,3,3,No,4,4,5
53,20,Teenager,2,2,1,Yes,5,3,5
18,35,Adult,4,2,2,Yes,5,4,3
41,1,Senior Citizen,4,4,5,Yes,1,2,5
43,34,Teenager,4,1,2,No,3,1,2
50,16,Teenager,1,2,5,Yes,1,3,4
25,57,Adult,5,2,5,Yes,2,5,2
35,40,Teenager,2,1,5,Yes,2,4,5
41,21,Adult,3,1,3,No,2,4,5
56,52,Senior Citizen,2,5,1,No,5,4,2
45,1,Teenager,3,1,3,Yes,4,3,2
28,20,Senior Citizen,3,4,1,Yes,3,2,5
55,32,Teenager,4,4,3,Yes,4,3,1
58,44,Senior Citizen,2,1,2,No,5,1,1
39,16,Adult,1,5,3,No,2,1,3
2,49,Adult,4,4,3,No,2,4,3
36,43,Senior Citizen,3,1,5,Yes,2,1,1
46,11,Teenager,3,5,1,Yes,5,1,2
24,11,Senior Citizen,3,2,1,Yes,2,2,1
22,25,Adult,2,5,1,Yes,2,3,5
17,30,Teenager,4,3,2,Yes,2,1,3
43,59,Adult,2,3,5,Yes,2,4,1
3,28,Teenager,1,5,2,Yes,5,2,4
1,54,Senior Citizen,2,2,3,Yes,5,5,2
31,31,Senior Citizen,3,4,5,No,1,5,5
43,56,Senior Citizen,1,2,1,Yes,4,5,1
29,48,Senior Citizen,5,2,4,No,5,1,1
52,45,Senior Citizen,1,1,1,No,4,4,3
57,36,Adult,5,3,4,No,3,5,2
24,6,Senior Citizen,4,5,5,Yes,5,2,3
33,56,Teenager,1,1,2,Yes,5,5,1
8,34,Teenager,1,5,3,No,3,2,2
16,23,Senior Citizen,3,5,5,Yes,1,1,4
13,36,Teenager,3,1,3,Yes,4,5,1
2,24,Teenager,4,2,1,Yes,1,5,3
58,33,Senior Citizen,3,5,2,No,5,4,5
27,4,Adult,1,2,5,No,5,3,2
2,55,Teenager,3,5,5,Yes,3,4,1
58,58,Adult,5,3,5,Yes,5,2,4
26,37,Senior Citizen,5,3,5,No,1,3,2
9,31,Senior Citizen,5,2,4,No,5,5,4
38,1,Adult,3,1,1,Yes,2,4,5
34,47,Teenager,3,2,1,No,2,4,4
14,29,Adult,5,4,4,No,4,2,4
26,16,Teenager,1,2,1,No,2,3,2
49,13,Senior Citizen,5,4,4,Yes,3,4,5
11,6,Adult,3,1,3,Yes,2,2,2
45,33,Adult,4,1,3,Yes,1,5,5
10,51,Teenager,4,3,3,Yes,1,4,4
28,20,Senior Citizen,5,3,4,No,3,1,5
2,58,Adult,2,4,2,Yes,3,1,1
23,11,Teenager,4,3,4,No,1,1,5
52,7,Senior Citizen,3,2,4,Yes,3,5,4
52,23,Teenager,3,4,1,No,1,4,4
35,8,Teenager,1,4,5,Yes,2,3,5
16,7,Adult,2,2,3,Yes,1,1,4
37,40,Senior Citizen,3,1,1,No,1,4,4
32,9,Teenager,4,1,2,Yes,1,1,5
29,32,Adult,4,2,2,No,2,2,2
14,33,Teenager,4,1,3,Yes,3,3,1
5,8,Senior Citizen,1,2,4,No,2,4,4
46,58,Senior Citizen,3,4,4,No,2,2,3
40,59,Teenager,3,2,4,Yes,4,5,1
44,50,Teenager,3,4,5,No,5,5,3
43,17,Teenager,2,3,5,No,1,3,3
27,9,Senior Citizen,3,5,5,No,1,4,1
29,20,Senior Citizen,2,5,4,Yes,4,4,4
19,59,Teenager,1,3,1,No,2,5,2
35,1,Senior Citizen,2,4,2,Yes,3,2,5
11,2,Adult,2,5,1,Yes,2,4,2
43,13,Teenager,2,5,5,No,5,1,4
60,46,Teenager,1,4,2,Yes,1,3,1
56,27,Teenager,3,5,5,Yes,1,4,4
44,22,Senior Citizen,3,2,3,No,2,5,2
11,29,Adult,1,5,4,No,3,4,1
56,53,Adult,3,5,5,No,5,1,1
55,43,Senior Citizen,4,3,5,No,2,2,1
36,19,Teenager,5,1,3,No,5,5,3
4,32,Adult,3,4,2,No,5,2,3
42,33,Adult,2,5,1,Yes,3,2,4
37,19,Senior Citizen,5,4,2,No,4,2,5
0,54,Adult,5,2,1,Yes,2,3,2
29,49,Teenager,1,2,1,No,3,1,4
32,0,Senior Citizen,5,5,1,No,4,2,2
5,8,Adult,1,1,5,Yes,5,5,1
10,3,Teenager,5,4,3,No,2,2,5
40,22,Senior Citizen,5,3,1,No,1,5,1
11,57,Senior Citizen,5,3,4,Yes,1,1,1
31,48,Senior Citizen,4,2,3,Yes,2,2,1
2,20,Teenager,2,4,5,Yes,2,1,4
4,33,Adult,4,4,3,No,2,4,3
42,44,Adult,3,5,4,Yes,1,4,3
50,14,Adult,5,3,2,No,5,4,5
51,45,Senior Citizen,5,4,3,No,2,4,2
1,48,Adult,4,2,1,No,3,4,2
38,12,Senior Citizen,1,2,5,No,4,4,4
53,6,Teenager,1,4,5,No,3,5,5
21,27,Adult,2,1,2,No,2,1,5
41,7,Adult,2,3,5,No,2,3,4
59,38,Teenager,1,2,3,No,2,1,2
4,46,Adult,3,4,2,Yes,5,1,5
14,34,Senior Citizen,3,2,1,No,5,5,1
24,1,Senior Citizen,5,2,3,No,5,1,1
10,38,Teenager,3,4,2,No,2,5,4
39,36,Adult,4,3,1,No,1,3,1
38,3,Adult,1,4,2,No,5,4,3
31,20,Teenager,2,3,4,Yes,2,3,2
22,43,Teenager,1,3,2,Yes,4,4,2
35,4,Adult,5,1,2,No,1,4,1
15,11,Senior Citizen,5,4,3,No,5,4,4
0,56,Teenager,5,4,2,No,1,5,4
37,51,Teenager,5,4,1,Yes,2,5,2
40,20,Teenager,3,1,1,Yes,3,3,4
22,25,Teenager,3,3,4,Yes,4,2,4
46,48,Teenager,2,5,3,No,2,3,4
13,8,Senior Citizen,5,3,2,Yes,2,3,2
13,19,Teenager,2,1,2,Yes,5,1,4
30,13,Adult,5,4,3,Yes,1,1,5
52,33,Adult,2,4,1,Yes,4,5,4
11,31,Adult,4,2,5,No,5,3,2
59,22,Senior Citizen,3,5,3,No,2,1,2
10,49,Adult,1,3,1,Yes,5,1,4
45,50,Senior Citizen,4,1,4,No,1,5,4
51,28,Teenager,2,5,4,Yes,5,3,3
27,21,Teenager,5,5,5,No,2,3,5
53,37,Senior Citizen,5,2,2,No,5,1,5
20,25,Teenager,5,5,5,No,5,5,4
16,34,Adult,4,3,5,No,5,2,4
33,51,Teenager,3,1,5,No,5,2,5
41,12,Adult,1,1,1,Yes,1,2,4
47,28,Adult,2,2,2,No,4,5,4
10,54,Teenager,3,1,1,No,5,3,5
31,43,Adult,5,5,1,Yes,3,1,5
50,23,Senior Citizen,1,5,4,Yes,2,4,3
51,14,Senior Citizen,3,4,3,Yes,2,5,5
29,53,Teenager,4,1,1,Yes,2,2,3
48,35,Teenager,4,1,1,Yes,2,2,2
20,35,Senior Citizen,2,5,5,No,4,2,3
9,14,Adult,2,1,1,No,3,4,2
24,49,Teenager,4,4,5,No,3,1,5
34,57,Teenager,1,4,1,Yes,2,5,5
20,7,Teenager,4,3,3,Yes,4,5,5
17,1,Adult,5,4,3,No,3,4,5
21,42,Adult,5,1,3,Yes,3,5,4
46,24,Adult,2,2,1,No,5,3,1
3,39,Senior Citizen,2,2,3,Yes,2,5,3
26,1,Adult,5,1,4,No,2,2,2
53,11,Adult,1,2,5,Yes,4,3,3
30,54,Teenager,3,5,2,No,5,4,4
9,23,Teenager,3,2,5,No,5,5,2
37,45,Adult,5,4,1,Yes,4,5,3
23,36,Teenager,4,4,2,No,2,3,4
59,18,Adult,3,5,4,No,2,5,4
18,47,Adult,4,1,1,No,4,1,3
27,58,Senior Citizen,3,1,4,No,5,1,1
5,3,Senior Citizen,3,4,3,Yes,1,2,5
56,51,Adult,2,2,3,Yes,3,1,5
5,16,Senior Citizen,5,3,5,Yes,2,3,2
50,4,Adult,5,4,1,Yes,2,5,4
5,25,Teenager,2,3,1,No,1,4,1
53,45,Adult,4,1,4,Yes,4,2,4
6,34,Senior Citizen,4,2,2,Yes,5,4,1
44,35,Senior Citizen,4,2,2,Yes,1,5,4
49,32,Senior Citizen,2,3,4,No,5,2,2
43,55,Teenager,1,5,2,Yes,2,5,3
22,25,Adult,1,3,3,Yes,5,4,1
60,40,Adult,2,5,4,Yes,2,1,1
16,23,Adult,5,2,4,No,3,1,1
16,33,Teenager,2,1,2,Yes,5,2,1
1,9,Teenager,3,5,4,No,4,3,2
34,50,Senior Citizen,1,5,4,No,4,4,5
14,21,Teenager,3,5,1,No,2,4,2
48,1,Adult,3,4,1,No,4,3,4
22,24,Senior Citizen,2,3,3,Yes,3,3,4
9,7,Adult,4,5,5,No,1,2,2
59,19,Teenager,4,2,3,Yes,3,3,2
42,39,Teenager,1,4,1,Yes,5,4,3
36,3,Teenager,3,1,4,Yes,1,5,5
20,29,Adult,2,4,4,No,2,3,3
4,24,Senior Citizen,1,4,1,No,2,2,5
34,60,Adult,1,4,2,No,3,4,4
56,10,Teenager,4,4,1,Yes,2,3,4
27,29,Teenager,5,4,2,No,1,5,3
51,33,Adult,3,2,2,Yes,1,1,5
43,10,Teenager,3,3,1,No,5,2,2
34,39,Senior Citizen,1,4,4,Yes,3,4,2
24,46,Teenager,5,3,1,Yes,5,4,4
11,16,Senior Citizen,1,3,4,Yes,2,3,1
5,58,Senior Citizen,3,3,2,No,4,5,3
18,29,Senior Citizen,3,4,1,Yes,2,1,3
45,50,Senior Citizen,2,3,1,No,4,5,1
58,59,Senior Citizen,1,4,3,Yes,4,5,5
35,39,Adult,1,1,4,Yes,3,5,3
40,58,Teenager,1,4,3,No,4,2,1
60,45,Teenager,1,5,1,No,4,3,3
45,49,Adult,5,5,4,Yes,3,4,1
52,60,Adult,5,1,4,Yes,1,2,1
7,44,Senior Citizen,4,4,1,Yes,2,4,5
21,39,Adult,3,4,1,Yes,3,4,4
27,3,Teenager,4,5,3,No,4,2,2
26,54,Adult,1,1,2,Yes,5,4,2
26,7,Senior Citizen,4,2,1,Yes,5,5,1
34,39,Teenager,3,5,4,No,1,5,5
37,48,Teenager,1,3,4,No,1,2,5
52,48,Teenager,2,3,1,Yes,5,1,1
16,23,Adult,3,3,1,Yes,5,3,3
10,12,Senior Citizen,5,1,4,Yes,4,5,5
44,11,Adult,1,5,2,Yes,4,2,5
7,24,Senior Citizen,5,1,4,No,2,2,4
29,32,Senior Citizen,4,2,5,Yes,4,4,1
32,11,Teenager,3,1,2,Yes,5,1,2
1,50,Senior Citizen,5,2,2,Yes,1,1,4
2,19,Teenager,3,5,2,Yes,3,2,1
40,11,Senior Citizen,3,1,5,Yes,2,5,5
48,30,Adult,1,4,5,No,3,2,4
34,44,Senior Citizen,1,5,2,No,4,4,2
31,2,Senior Citizen,4,4,1,Yes,3,2,3
56,53,Adult,2,4,5,Yes,4,5,1
0,46,Senior Citizen,5,2,4,No,4,3,3
46,30,Senior Citizen,3,1,1,No,5,2,4
55,11,Teenager,1,4,1,Yes,2,5,3
2,10,Adult,4,2,3,No,3,3,2
50,49,Teenager,3,5,5,No,2,5,2
60,36,Teenager,4,5,3,Yes,4,2,4
8,48,Adult,5,3,4,Yes,5,4,5
36,40,Adult,5,2,5,No,5,3,3
2,41,Teenager,5,3,2,Yes,5,4,5
43,10,Senior Citizen,4,3,1,No,5,3,5
46,33,Senior Citizen,4,3,5,Yes,3,4,2
39,21,Adult,2,3,5,Yes,5,4,5
16,36,Teenager,3,3,5,No,3,5,4
53,20,Teenager,3,4,5,Yes,4,1,2
11,5,Adult,3,3,2,No,4,4,4
31,5,Senior Citizen,2,4,3,Yes,3,3,1
50,49,Adult,3,5,3,No,4,3,4
6,44,Senior Citizen,1,4,5,Yes,1,1,1
31,7,Senior Citizen,3,3,5,Yes,5,2,5
21,42,Senior Citizen,2,2,5,No,4,2,1
23,34,Teenager,1,3,3,No,2,1,3
0,35,Adult,5,1,5,Yes,5,4,1
0,35,Senior Citizen,2,1,2,No,4,3,3
7,2,Teenager,4,5,5,No,2,5,5
18,58,Teenager,2,1,2,No,4,4,2
1,25,Adult,4,2,3,No,3,5,5
38,0,Adult,1,5,5,Yes,3,5,3
56,24,Teenager,1,2,2,No,4,4,2
13,49,Teenager,4,5,4,Yes,3,2,4
54,30,Teenager,2,2,2,Yes,3,1,4
48,14,Adult,1,2,5,No,2,1,2
7,40,Teenager,5,4,1,No,5,4,3
56,0,Senior Citizen,3,1,3,No,4,4,4
17,14,Senior Citizen,5,3,1,No,4,3,5
16,57,Senior Citizen,2,5,1,No,3,1,2
46,22,Adult,5,3,5,Yes,1,4,3
16,3,Senior Citizen,1,1,5,No,3,3,4
36,41,Adult,5,4,1,Yes,2,3,4
40,59,Senior Citizen,1,5,2,Yes,5,4,2
15,8,Adult,3,1,4,Yes,5,5,2
8,23,Senior Citizen,4,2,3,No,4,4,5
27,39,Teenager,1,4,5,No,3,3,5
56,48,Teenager,2,5,4,Yes,5,2,5
36,37,Teenager,1,4,2,Yes,1,3,1
11,53,Adult,3,1,4,No,4,2,1
19,54,Senior Citizen,1,4,2,No,3,5,2
58,46,Teenager,1,2,5,No,5,1,1
54,57,Senior Citizen,4,1,4,No,3,5,4
12,6,Senior Citizen,3,1,3,No,1,1,5
21,58,Senior Citizen,5,1,5,No,2,4,5
14,59,Senior Citizen,4,2,4,No,1,5,4
49,10,Senior Citizen,4,1,1,Yes,2,4,2
56,25,Adult,2,3,5,Yes,3,5,5
7,39,Senior Citizen,4,3,3,Yes,1,4,4
56,46,Senior Citizen,1,2,2,Yes,2,5,4
51,40,Senior Citizen,1,2,3,No,5,2,5
45,4,Teenager,2,2,5,Yes,3,5,4
44,42,Adult,1,3,5,No,3,4,4
5,40,Senior Citizen,4,3,2,No,1,4,3
36,24,Teenager,3,2,2,No,4,4,3
28,58,Adult,2,1,3,Yes,5,2,2
54,7,Adult,2,4,1,Yes,1,3,4
23,49,Teenager,5,4,1,Yes,2,4,5
27,27,Teenager,3,5,2,No,2,3,5
26,56,Adult,3,4,5,Yes,2,4,1
53,55,Senior Citizen,3,2,3,Yes,1,5,1
2,19,Adult,3,3,1,Yes,3,2,1
17,44,Adult,4,5,3,No,4,1,2
0,57,Teenager,5,4,4,Yes,2,3,3
40,40,Adult,2,1,1,No,2,5,1
28,3,Adult,3,3,5,Yes,4,2,3
18,44,Senior Citizen,2,5,5,No,4,2,4
14,49,Adult,5,1,3,No,4,1,3
3,57,Senior Citizen,3,5,1,Yes,3,5,4
33,28,Teenager,4,3,2,Yes,1,5,4
22,44,Adult,5,1,1,Yes,1,4,5
56,9,Senior Citizen,5,5,4,Yes,3,4,4
11,37,Senior Citizen,4,1,5,Yes,2,2,5
24,47,Senior Citizen,3,1,3,Yes,4,5,5
7,48,Senior Citizen,2,2,3,No,1,1,3
31,9,Teenager,1,1,4,No,4,1,3
20,36,Teenager,1,1,1,Yes,4,1,1
23,1,Senior Citizen,3,1,2,Yes,5,1,1
33,58,Adult,5,1,5,No,4,4,5
2,16,Senior Citizen,1,4,5,Yes,1,1,3
25,14,Teenager,1,3,3,No,3,2,1
13,33,Adult,4,3,5,Yes,1,1,1
39,18,Adult,1,5,3,No,5,3,3
11,15,Senior Citizen,3,2,1,No,4,4,2
55,21,Senior Citizen,1,5,3,No,3,3,2
51,15,Adult,1,4,5,Yes,5,3,4
16,5,Adult,5,1,4,No,5,3,1
49,47,Adult,3,5,3,No,4,1,5
19,53,Senior Citizen,3,5,4,Yes,2,2,1
56,7,Teenager,5,2,1,No,2,5,4
40,4,Teenager,2,4,1,Yes,3,1,4
6,58,Senior Citizen,2,2,1,Yes,2,4,2
37,21,Teenager,3,3,5,Yes,4,3,1
53,19,Senior Citizen,4,3,2,No,5,2,3
5,14,Senior Citizen,2,1,1,No,1,3,4
58,59,Teenager,5,4,1,Yes,2,1,2
52,14,Senior Citizen,3,5,3,No,4,2,1
44,27,Adult,1,5,4,Yes,1,1,4
18,0,Teenager,4,1,5,No,2,1,2
49,26,Teenager,2,3,4,Yes,5,1,4
46,14,Adult,3,1,3,No,3,4,1
42,56,Adult,2,2,4,Yes,1,5,4
46,32,Adult,5,3,2,No,3,5,2
2,57,Adult,3,2,2,No,3,4,3
12,55,Teenager,3,2,1,Yes,3,3,2
16,8,Adult,3,1,1,No,4,1,5
8,17,Senior Citizen,5,2,5,No,3,3,4
37,57,Teenager,4,3,5,Yes,4,2,2
21,10,Teenager,1,5,4,No,5,3,4
27,14,Adult,3,2,1,Yes,5,5,5
48,9,Adult,2,3,5,Yes,4,3,3
3,4,Adult,4,4,4,Yes,2,1,5
60,57,Adult,5,5,4,No,2,1,2
57,38,Adult,1,5,5,Yes,3,5,3
38,21,Adult,5,2,1,No,3,1,1
28,46,Adult,5,4,5,Yes,5,2,5
5,43,Teenager,1,1,3,No,2,3,2
9,46,Senior Citizen,4,2,1,No,4,3,3
53,14,Teenager,4,3,5,Yes,1,1,3
2,9,Senior Citizen,2,1,5,No,2,3,5
53,0,Teenager,5,5,1,Yes,5,5,2
16,6,Adult,5,2,1,Yes,2,1,5
0,48,Teenager,1,3,1,Yes,5,3,5
52,42,Teenager,4,1,4,Yes,1,5,1
21,15,Adult,3,4,3,No,1,5,3
18,1,Adult,5,3,3,Yes,1,2,3
47,1,Teenager,4,1,4,Yes,4,4,1
48,44,Teenager,2,5,5,No,4,5,3
41,28,Senior Citizen,3,3,3,Yes,4,3,4
51,10,Teenager,3,3,3,No,1,1,4
30,59,Teenager,5,1,4,No,1,2,2
36,47,Adult,2,4,1,Yes,5,3,4
28,58,Senior Citizen,4,1,4,No,5,2,1
15,22,Senior Citizen,3,5,2,No,2,5,5
21,41,Teenager,5,5,3,No,3,1,5
58,1,Teenager,4,2,4,Yes,1,2,2
49,11,Senior Citizen,2,2,1,No,1,3,3
29,60,Adult,5,4,5,No,5,3,4
6,21,Teenager,5,4,4,No,5,4,4
32,27,Adult,5,5,5,No,3,5,4
55,45,Teenager,1,3,5,Yes,5,2,2
7,10,Adult,5,3,4,No,3,5,3
31,60,Teenager,3,5,3,Yes,5,5,1
34,51,Senior Citizen,3,5,3,No,3,4,5
34,21,Teenager,2,1,4,No,3,2,3
2,15,Adult,5,5,2,Yes,1,4,5
28,18,Senior Citizen,2,2,5,Yes,1,4,3
22,23,Senior Citizen,2,4,5,Yes,3,5,3
20,11,Teenager,4,1,2,No,1,3,3
60,17,Senior Citizen,2,3,5,No,5,1,3
24,40,Teenager,2,3,1,No,4,1,4
21,21,Teenager,1,5,2,No,2,1,3
42,14,Teenager,4,3,4,No,2,5,5
1,36,Adult,2,4,2,Yes,4,3,4
7,28,Teenager,1,4,4,Yes,3,5,3
46,55,Senior Citizen,5,1,3,Yes,4,5,2
16,46,Senior Citizen,1,5,4,No,5,4,1
16,41,Teenager,5,3,3,No,2,4,2
33,58,Teenager,2,4,5,No,3,5,1
39,7,Senior Citizen,3,5,4,No,4,1,4
60,12,Adult,2,4,2,No,2,3,4
45,31,Teenager,5,2,3,No,4,1,1
54,30,Senior Citizen,2,1,2,Yes,2,1,5
24,47,Teenager,3,4,1,Yes,2,5,1
31,8,Teenager,3,5,2,Yes,1,4,4
37,18,Senior Citizen,1,3,2,No,4,3,1
31,39,Adult,5,1,1,Yes,3,5,1
59,25,Teenager,4,4,1,Yes,3,4,5
29,2,Senior Citizen,5,2,5,No,1,3,2
2,58,Adult,3,5,5,No,4,1,1
30,20,Teenager,4,4,5,Yes,2,2,1
19,51,Adult,1,4,1,Yes,5,1,2
7,49,Senior Citizen,5,3,2,Yes,3,5,5
48,27,Adult,5,2,2,Yes,1,5,2
28,45,Teenager,2,5,3,Yes,5,1,3
51,14,Adult,4,2,4,Yes,5,4,1
56,51,Adult,1,4,3,Yes,2,1,4
32,44,Teenager,1,1,3,No,4,1,3
39,41,Teenager,3,3,3,Yes,1,1,2
28,20,Adult,2,5,5,No,3,1,1
34,50,Senior Citizen,1,5,3,No,3,4,3
16,5,Senior Citizen,4,2,5,Yes,4,4,2
48,42,Teenager,5,4,2,No,1,1,4
54,59,Teenager,3,2,4,Yes,3,4,1
41,17,Adult,4,2,4,No,4,3,1
46,15,Senior Citizen,5,1,2,Yes,2,2,1
25,19,Teenager,3,3,5,Yes,2,3,1
14,34,Adult,5,4,2,Yes,2,2,4
11,22,Senior Citizen,1,1,2,No,3,2,5
24,19,Adult,4,5,5,Yes,4,5,2
57,45,Senior Citizen,1,5,1,No,5,1,3
47,43,Senior Citizen,4,3,2,Yes,4,3,3
39,49,Teenager,1,4,1,No,3,5,5
57,44,Adult,5,3,5,No,5,5,1
58,47,Teenager,1,4,3,No,3,4,4
11,38,Teenager,5,3,5,Yes,4,2,1
38,30,Teenager,5,2,4,Yes,4,1,5
46,0,Adult,1,2,2,Yes,1,3,5
15,7,Teenager,1,1,2,Yes,1,1,5
5,34,Teenager,5,5,3,Yes,1,5,3
59,5,Adult,2,1,1,No,2,5,2
19,5,Teenager,3,2,2,No,1,1,5
6,43,Senior Citizen,3,3,4,Yes,1,3,3
19,35,Senior Citizen,2,4,5,Yes,1,3,2
0,34,Adult,2,5,4,No,3,4,4
44,25,Adult,2,3,3,Yes,1,5,2
7,6,Senior Citizen,2,5,1,No,3,2,2
49,4,Adult,5,4,2,Yes,5,5,2
60,45,Adult,2,2,2,No,1,5,2
19,5,Senior Citizen,3,2,3,Yes,1,4,4
16,40,Senior Citizen,5,3,1,No,3,5,3
41,2,Adult,4,4,1,No,1,3,1
8,22,Teenager,3,5,5,Yes,4,1,4
33,44,Senior Citizen,1,2,2,Yes,2,1,1
13,34,Teenager,2,3,3,Yes,5,5,5
6,54,Adult,2,4,1,No,2,3,3
15,48,Senior Citizen,2,3,5,Yes,2,1,4
42,46,Senior Citizen,2,4,4,Yes,4,2,2
58,26,Senior Citizen,4,4,5,No,3,1,5
16,55,Adult,5,2,4,No,5,4,5
29,22,Teenager,2,5,4,No,5,5,5
2,14,Senior Citizen,4,3,5,No,5,5,3
54,51,Adult,4,1,4,No,2,5,4
29,44,Senior Citizen,2,5,3,No,5,4,4
51,46,Adult,3,3,4,Yes,1,4,1
31,3,Teenager,2,5,4,Yes,3,5,2
3,28,Teenager,5,2,1,No,4,3,2
29,30,Senior Citizen,1,5,5,Yes,3,5,2
58,51,Teenager,2,2,4,No,1,5,3
23,0,Senior Citizen,5,4,2,Yes,2,4,1
32,10,Adult,4,5,2,Yes,2,2,4
43,18,Teenager,3,2,3,Yes,5,3,4
2,41,Senior Citizen,1,2,1,No,2,4,4
37,27,Adult,5,2,4,No,1,5,1
53,41,Senior Citizen,5,5,1,No,2,3,3
40,15,Teenager,2,1,2,No,1,4,2
8,9,Adult,2,4,4,No,1,3,4
35,23,Teenager,3,2,1,No,2,5,4
36,27,Adult,5,2,5,No,2,2,4
21,55,Teenager,4,5,4,No,5,4,1
31,32,Adult,4,4,2,No,3,5,3
15,58,Adult,4,5,3,No,4,1,5
22,13,Adult,4,1,1,No,4,2,5
44,26,Senior Citizen,3,3,1,Yes,3,1,4
18,45,Teenager,5,3,4,Yes,5,1,5
5,24,Senior Citizen,2,5,5,No,3,1,1
19,43,Senior Citizen,3,3,5,No,2,3,4
45,2,Adult,2,5,1,Yes,2,5,4
5,7,Adult,3,1,3,No,3,5,3
43,11,Adult,4,1,4,Yes,3,3,5
42,12,Adult,4,1,4,No,5,5,3
18,7,Teenager,2,3,2,Yes,3,5,4
8,19,Senior Citizen,3,4,3,No,2,3,3
37,33,Senior Citizen,3,4,1,No,4,1,3
39,7,Senior Citizen,4,3,5,No,1,4,2
37,45,Senior Citizen,3,5,5,No,5,1,5
24,60,Teenager,1,4,4,Yes,1,2,3
27,53,Adult,5,2,4,Yes,1,2,1
53,28,Senior Citizen,1,4,3,No,4,1,3
15,45,Teenager,4,5,5,Yes,1,3,2
58,46,Adult,4,2,1,No,1,2,1
40,9,Teenager,1,5,2,No,3,4,1
0,43,Adult,4,2,4,Yes,4,3,2
3,0,Senior Citizen,2,1,5,Yes,5,3,4
49,51,Senior Citizen,3,3,1,No,4,4,5
15,34,Senior Citizen,3,3,4,Yes,1,2,1
3,29,Teenager,3,2,4,No,4,2,2
52,6,Adult,1,2,2,Yes,2,5,4
7,23,Teenager,3,5,2,Yes,5,1,2
32,9,Adult,4,3,1,No,5,4,5
32,42,Teenager,5,2,4,Yes,5,4,2
2,6,Senior Citizen,2,4,5,No,1,4,3
30,57,Senior Citizen,4,3,2,No,1,2,5
23,21,Teenager,4,2,1,Yes,1,5,3
15,30,Teenager,4,4,3,Yes,1,1,2
44,21,Adult,5,2,5,No,3,2,3
38,57,Senior Citizen,5,3,3,Yes,2,4,5
14,34,Teenager,4,5,5,Yes,3,2,4
46,3,Senior Citizen,5,3,5,No,5,3,1
59,13,Adult,5,1,2,Yes,1,5,4
0,9,Senior Citizen,1,1,2,No,1,1,4
25,45,Teenager,1,4,1,Yes,3,5,3
24,17,Teenager,5,3,4,No,3,4,1
27,50,Senior Citizen,1,4,4,Yes,4,1,2
47,2,Teenager,5,5,5,Yes,4,2,2
1,9,Senior Citizen,5,2,4,Yes,5,2,1
54,10,Senior Citizen,3,5,2,No,5,4,1
0,50,Senior Citizen,3,2,4,Yes,4,4,4
58,32,Senior Citizen,4,3,4,Yes,1,5,2
34,33,Senior Citizen,3,5,4,No,4,3,4
44,45,Senior Citizen,5,2,5,Yes,1,1,3
22,42,Senior Citizen,5,3,2,Yes,1,5,1
38,22,Senior Citizen,5,4,2,No,3,3,2
6,49,Senior Citizen,3,1,5,Yes,1,5,2
39,47,Adult,5,1,4,Yes,5,4,1
27,40,Teenager,1,2,2,Yes,3,1,5
37,5,Adult,3,2,3,Yes,5,3,1
23,18,Teenager,1,4,5,No,5,3,1
35,24,Adult,1,4,3,No,1,2,5
18,22,Senior Citizen,1,3,1,Yes,2,3,1
33,15,Senior Citizen,2,2,1,Yes,5,5,2
5,31,Adult,3,2,2,No,1,4,2
59,23,Adult,1,4,1,Yes,1,2,4
16,15,Senior Citizen,3,1,4,Yes,5,4,2
46,1,Adult,5,4,2,Yes,2,5,1
7,2,Senior Citizen,1,5,3,Yes,5,5,2
12,35,Adult,4,5,2,No,1,4,2
53,55,Senior Citizen,5,5,2,Yes,5,1,2
19,43,Senior Citizen,1,5,2,Yes,5,2,4
41,54,Teenager,3,2,3,No,3,4,5
18,21,Senior Citizen,4,3,1,No,1,4,3
54,13,Adult,3,4,3,Yes,1,3,2
27,15,Senior Citizen,2,1,5,Yes,3,2,2
35,24,Teenager,2,5,1,Yes,1,3,2
50,33,Senior Citizen,3,5,3,No,5,3,3
19,47,Teenager,3,1,5,Yes,5,4,3
58,2,Teenager,5,3,1,Yes,4,1,3
10,41,Adult,1,2,4,Yes,1,3,1
34,47,Adult,3,4,3,No,5,5,1
59,23,Senior Citizen,2,2,2,Yes,3,2,4
54,7,Senior Citizen,3,5,1,No,5,4,1
12,0,Teenager,4,1,5,No,2,5,5
24,37,Teenager,3,2,1,Yes,1,5,4
20,60,Adult,3,5,2,No,1,3,1
15,57,Senior Citizen,2,4,5,Yes,2,1,1
4,4,Senior Citizen,1,5,1,Yes,2,1,2
8,42,Teenager,2,5,3,No,1,2,1
32,0,Adult,2,3,3,Yes,1,4,2
40,54,Teenager,2,2,2,No,1,5,2
53,12,Adult,5,3,5,No,1,2,3
29,57,Teenager,2,4,3,Yes,2,2,2
0,3,Teenager,1,4,2,Yes,5,5,2
13,8,Senior Citizen,4,2,3,No,3,4,3
37,7,Adult,1,1,3,No,1,4,3
29,28,Teenager,3,4,5,Yes,1,2,2
0,30,Teenager,2,2,1,No,1,3,3
56,43,Teenager,3,2,5,Yes,4,5,5
5,36,Adult,3,1,3,Yes,5,4,3
60,53,Teenager,4,1,4,No,3,1,1
58,22,Senior Citizen,4,5,4,Yes,2,5,4
13,13,Senior Citizen,3,2,2,No,5,1,5
11,5,Teenager,1,4,1,No,5,2,3
17,5,Adult,1,2,5,Yes,4,3,2
32,14,Adult,3,1,5,Yes,2,2,1
15,22,Teenager,5,2,3,Yes,3,5,2
32,40,Adult,3,2,2,Yes,1,1,5
13,51,Teenager,2,2,2,No,4,5,4
16,32,Teenager,3,2,3,No,4,1,3
27,16,Teenager,3,2,2,No,4,2,5
14,24,Senior Citizen,4,2,1,Yes,2,1,5
47,42,Adult,1,5,1,Yes,5,1,2
31,56,Teenager,1,4,1,Yes,5,2,2
10,20,Adult,2,5,2,Yes,1,2,2
47,19,Adult,5,2,1,Yes,1,5,4
17,58,Senior Citizen,3,4,1,Yes,3,4,5
54,18,Teenager,4,2,1,No,2,4,1
17,31,Adult,3,2,1,No,3,1,4
32,11,Adult,3,3,1,Yes,2,3,4
35,52,Teenager,4,5,1,Yes,1,2,2
7,28,Senior Citizen,4,4,1,No,3,2,2
13,6,Adult,2,1,5,No,3,4,4
60,25,Senior Citizen,2,4,1,No,2,4,1
12,13,Teenager,2,4,2,Yes,4,4,2
41,8,Senior Citizen,5,1,4,No,4,4,3
45,2,Senior Citizen,4,2,4,No,3,2,4
60,45,Teenager,5,4,2,No,4,3,5
50,39,Senior Citizen,3,4,3,Yes,3,5,3
4,10,Senior Citizen,3,2,5,Yes,5,5,1
14,2,Adult,1,2,5,No,5,1,3
37,7,Teenager,5,3,2,No,4,2,1
9,57,Adult,1,3,3,Yes,4,4,2
12,33,Teenager,5,1,4,No,5,3,2
11,16,Teenager,2,5,3,Yes,1,4,1
1,7,Teenager,3,4,5,No,2,5,4
47,7,Adult,2,4,5,No,2,5,5
43,49,Teenager,4,1,1,No,5,4,4
9,54,Teenager,2,1,3,No,3,2,5
55,5,Adult,1,1,3,No,4,1,4
31,11,Teenager,3,2,1,No,2,2,2
24,10,Senior Citizen,2,1,4,No,5,1,5
1,17,Senior Citizen,1,5,2,No,3,3,2
60,53,Teenager,5,4,5,No,4,1,3
1,57,Teenager,4,1,5,No,1,4,2
18,17,Adult,3,2,3,No,1,4,2
52,56,Teenager,1,5,2,No,5,3,5
2,25,Senior Citizen,2,2,4,No,3,4,4
17,12,Adult,4,2,5,Yes,2,2,4
15,22,Teenager,4,1,5,Yes,5,3,2
51,12,Adult,5,2,2,No,4,3,4
20,5,Adult,4,3,4,No,5,5,5
20,47,Adult,5,1,3,Yes,5,3,5
3,39,Senior Citizen,5,2,1,No,4,2,5
47,32,Adult,4,5,4,No,4,3,5
33,45,Teenager,5,2,5,No,2,3,2
37,3,Adult,1,1,5,No,3,2,3
56,14,Teenager,5,5,3,No,3,2,4
53,3,Senior Citizen,2,4,1,Yes,4,2,4
36,2,Adult,5,5,2,Yes,3,1,2
40,13,Adult,1,5,2,Yes,4,2,4
51,4,Teenager,2,1,2,Yes,3,3,3
45,41,Teenager,2,1,4,Yes,3,1,4
6,22,Teenager,1,3,3,No,1,4,2
15,56,Senior Citizen,5,3,4,No,4,4,3
21,48,Teenager,2,1,2,Yes,4,1,4
54,20,Senior Citizen,4,2,5,No,4,5,5
14,16,Teenager,5,5,3,No,5,2,4
35,19,Senior Citizen,5,4,1,No,5,4,3
33,1,Adult,2,2,1,Yes,5,2,2
9,37,Senior Citizen,4,3,5,No,1,4,1
38,13,Adult,5,1,1,Yes,5,2,1
30,51,Adult,3,3,4,No,1,5,1
28,42,Adult,4,2,4,No,1,1,2
26,20,Senior Citizen,4,4,1,No,5,5,2
46,5,Adult,5,3,1,Yes,5,3,2
20,34,Adult,3,1,5,No,5,4,4
43,44,Teenager,5,3,5,Yes,1,1,1
60,1,Senior Citizen,3,2,2,Yes,4,1,1
26,46,Teenager,4,3,1,Yes,2,5,3
6,16,Senior Citizen,4,5,4,No,1,5,4
3,23,Adult,1,4,3,No,5,2,2
56,18,Teenager,1,3,3,Yes,1,1,4
8,14,Adult,3,3,3,Yes,4,4,1
20,48,Adult,1,2,3,Yes,4,2,3
27,17,Senior Citizen,1,5,2,No,2,4,2
59,37,Senior Citizen,1,3,1,No,3,3,2
4,13,Teenager,4,4,1,No,4,2,3
13,21,Senior Citizen,4,5,4,Yes,1,1,1
30,11,Teenager,5,4,2,No,4,4,2
1,9,Senior Citizen,4,2,1,No,1,3,4
58,54,Senior Citizen,2,2,5,No,3,2,4
14,13,Teenager,2,5,2,No,3,3,2
50,2,Adult,4,5,1,Yes,5,2,4
9,38,Adult,4,3,5,No,2,1,3
12,18,Adult,4,3,3,Yes,4,1,5
39,47,Teenager,3,4,1,No,5,4,5
26,5,Adult,4,1,3,Yes,1,2,1
12,51,Teenager,4,4,3,Yes,2,3,3
34,59,Teenager,4,5,4,Yes,5,1,1
52,44,Adult,2,1,1,No,5,3,3
55,4,Teenager,3,5,2,No,4,2,3
7,30,Senior Citizen,5,5,2,No,1,4,1
33,49,Adult,4,1,5,Yes,5,3,2
21,19,Adult,4,1,5,No,5,1,4
32,21,Teenager,5,2,5,Yes,3,2,2
58,47,Teenager,1,3,2,No,2,5,1
15,58,Adult,4,5,5,No,5,3,2
44,26,Teenager,2,5,3,No,5,4,2
52,14,Teenager,3,1,5,No,5,2,3
38,3,Teenager,3,5,4,Yes,1,2,3
26,32,Adult,2,3,4,Yes,2,3,1
34,34,Senior Citizen,4,1,1,Yes,4,3,3
1,17,Teenager,4,5,2,Yes,1,2,2
59,37,Adult,2,2,4,No,5,1,1
2,9,Adult,2,5,5,Yes,2,4,2
7,4,Teenager,3,1,5,Yes,4,5,3
20,1,Teenager,3,2,2,No,3,1,3
7,7,Adult,5,5,3,No,5,4,2
45,30,Teenager,1,5,1,Yes,2,2,5
53,15,Adult,5,1,5,No,4,5,1
56,8,Adult,3,5,2,Yes,3,1,3
27,27,Senior Citizen,5,5,2,Yes,2,4,1
26,57,Teenager,2,1,1,Yes,3,1,2
41,51,Adult,5,3,5,No,5,2,2
57,17,Senior Citizen,2,4,5,No,4,1,1
16,58,Adult,5,4,5,No,1,3,3
23,21,Adult,2,5,1,No,2,3,4
35,15,Senior Citizen,1,3,1,No,3,1,2
50,3,Senior Citizen,5,3,5,No,3,2,2
38,40,Teenager,2,3,3,No,1,2,1
36,47,Senior Citizen,2,1,4,No,2,5,4
31,27,Adult,1,4,3,No,4,1,1
15,57,Senior Citizen,1,5,3,No,3,5,4
36,52,Adult,2,2,1,No,2,5,4
43,38,Senior Citizen,5,2,5,Yes,4,3,1
30,13,Adult,5,2,4,No,3,1,3
57,38,Teenager,3,4,2,Yes,1,3,3
36,17,Adult,4,3,5,Yes,2,2,2
42,16,Adult,5,2,1,Yes,1,4,4
17,8,Teenager,1,5,5,No,1,2,5
14,28,Teenager,2,1,1,No,3,3,3
49,41,Teenager,5,2,2,No,4,2,1
56,37,Adult,4,1,4,No,5,4,2
43,4,Teenager,5,5,1,No,1,3,2
11,28,Senior Citizen,2,1,5,No,1,2,2
2,45,Adult,3,5,4,Yes,1,2,5
53,40,Senior Citizen,4,2,2,Yes,5,2,2
43,9,Senior Citizen,1,2,5,No,3,5,3
25,56,Teenager,5,3,4,No,1,2,4
48,35,Teenager,3,2,2,No,5,4,4
45,43,Teenager,5,3,2,Yes,5,4,2
56,46,Adult,3,4,1,Yes,5,3,3
22,26,Teenager,3,3,2,No,5,4,1
32,18,Adult,3,1,2,No,4,5,2
27,52,Adult,1,2,5,No,5,4,1
42,22,Adult,3,2,2,Yes,2,5,1
25,47,Adult,1,2,1,No,2,2,2
26,40,Teenager,1,5,2,No,2,4,3
13,21,Senior Citizen,2,1,5,Yes,1,2,5
54,58,Adult,4,2,1,Yes,2,3,2
33,34,Teenager,3,2,3,No,1,3,3
17,38,Adult,4,4,5,Yes,3,1,4
4,0,Senior Citizen,4,5,2,No,5,1,2
36,44,Senior Citizen,4,3,2,No,5,3,4
30,41,Adult,3,2,1,No,3,2,2
37,30,Senior Citizen,2,5,3,No,1,1,5
2,53,Teenager,2,1,5,Yes,1,5,3
41,58,Teenager,4,4,4,Yes,1,3,2
51,2,Senior Citizen,4,2,5,Yes,5,3,5
34,26,Adult,2,1,5,Yes,4,4,3
22,56,Teenager,1,3,3,No,5,5,2
4,51,Adult,5,5,4,Yes,5,4,2
24,1,Adult,2,1,1,Yes,1,1,3
4,12,Senior Citizen,4,1,1,Yes,3,4,5
33,21,Senior Citizen,5,1,3,No,5,4,5
23,39,Teenager,1,2,4,No,2,4,4
12,44,Teenager,1,4,1,No,2,2,5
59,58,Teenager,4,1,5,No,1,2,2
48,17,Senior Citizen,4,2,5,No,3,2,2
28,22,Adult,1,1,1,Yes,1,1,3
16,57,Teenager,5,4,3,Yes,5,2,1
38,39,Teenager,1,1,5,No,1,3,3
5,34,Adult,2,4,1,No,2,2,5
10,26,Teenager,5,5,1,No,3,2,4
34,48,Adult,2,3,4,No,1,1,3
19,24,Teenager,1,4,5,Yes,3,4,1
54,0,Adult,5,2,5,No,1,2,2
30,23,Senior Citizen,5,2,1,No,4,2,5
53,26,Adult,3,4,2,No,2,5,2
8,59,Senior Citizen,4,2,3,No,5,4,3
42,10,Senior Citizen,1,4,3,No,3,5,5
14,28,Teenager,3,2,4,No,4,4,4
21,49,Teenager,3,2,3,Yes,4,2,3
7,28,Senior Citizen,5,2,2,No,2,3,1
34,10,Senior Citizen,4,4,3,Yes,4,3,1
20,9,Senior Citizen,3,5,4,No,4,2,5
4,3,Teenager,1,1,3,Yes,5,5,2
17,32,Senior Citizen,1,1,3,Yes,2,3,4
35,11,Adult,2,2,5,Yes,4,4,1
31,45,Teenager,3,3,2,No,5,2,3
21,53,Adult,2,4,4,Yes,3,4,4
6,22,Adult,2,3,2,Yes,4,5,2
27,58,Teenager,2,4,2,No,5,5,4
26,35,Adult,1,1,2,No,2,1,5
33,6,Senior Citizen,4,4,5,No,4,2,2
43,47,Adult,4,5,3,No,2,2,4
18,47,Senior Citizen,3,5,2,No,3,2,1
47,50,Teenager,1,5,2,Yes,4,4,1
18,38,Senior Citizen,3,2,4,Yes,3,4,5
58,46,Teenager,1,2,3,No,3,5,1
17,10,Teenager,4,3,3,No,4,5,3
29,1,Adult,2,5,1,No,2,4,5
53,59,Adult,4,5,3,No,3,1,3
51,32,Teenager,5,1,1,No,2,1,3
49,6,Senior Citizen,5,4,2,Yes,3,4,2
45,21,Senior Citizen,3,3,1,No,5,3,4
39,33,Senior Citizen,4,1,1,Yes,4,5,1
32,59,Adult,5,5,5,No,5,5,2
5,55,Senior Citizen,1,5,1,No,1,2,1
48,40,Senior Citizen,3,4,2,Yes,1,1,1
10,53,Senior Citizen,5,2,1,No,4,5,4
55,34,Adult,4,3,4,No,5,3,1
57,28,Senior Citizen,4,3,2,No,2,1,1
33,44,Adult,4,1,4,Yes,2,5,5
49,27,Senior Citizen,1,4,2,No,5,1,3
24,12,Senior Citizen,5,5,5,No,2,3,5
12,27,Senior Citizen,1,3,3,Yes,3,5,5
54,49,Teenager,1,4,3,Yes,1,2,4
47,45,Teenager,3,4,2,Yes,1,3,5
49,19,Adult,3,5,5,Yes,4,2,4
59,11,Senior Citizen,1,1,2,No,4,1,2
14,31,Teenager,2,4,3,No,3,2,1
4,17,Adult,2,4,3,No,1,4,5
27,5,Senior Citizen,4,5,1,No,3,5,3
19,50,Teenager,5,2,2,Yes,1,3,4
33,49,Senior Citizen,2,1,1,Yes,3,3,4
33,48,Teenager,1,3,2,Yes,4,2,5
43,26,Senior Citizen,3,1,4,Yes,2,3,3
40,46,Teenager,4,5,1,No,4,5,3
2,17,Adult,3,3,2,No,3,1,1
11,44,Teenager,1,1,4,Yes,5,4,1
6,41,Adult,5,1,2,No,3,1,4
34,3,Adult,5,3,2,Yes,1,4,2
6,10,Senior Citizen,5,5,2,Yes,1,3,2
38,3,Senior Citizen,5,2,5,No,5,5,1
20,43,Senior Citizen,5,5,2,Yes,3,5,2
6,56,Senior Citizen,3,3,5,Yes,2,3,4
57,5,Adult,1,5,5,No,1,1,1
0,50,Teenager,2,2,4,Yes,1,1,5
36,19,Adult,4,3,2,Yes,3,1,5
35,36,Teenager,5,1,5,Yes,2,5,4
35,5,Adult,5,5,1,No,4,1,4
16,20,Teenager,4,5,4,No,3,1,3
32,1,Senior Citizen,4,2,2,No,1,3,5
32,4,Teenager,5,3,1,No,3,3,1
29,34,Senior Citizen,4,4,4,Yes,3,1,1
20,56,Senior Citizen,4,3,1,Yes,2,2,2
42,59,Teenager,4,4,3,Yes,3,2,1
44,36,Teenager,1,2,1,No,1,5,2
7,50,Teenager,5,3,2,Yes,4,4,2
11,37,Senior Citizen,4,2,2,Yes,3,4,4
30,32,Adult,2,1,2,No,1,5,1
9,59,Teenager,3,3,3,No,3,5,4
27,9,Teenager,1,2,2,Yes,2,2,4
40,23,Teenager,4,2,3,No,2,5,3
0,33,Adult,3,2,5,No,5,5,4
11,21,Teenager,1,1,4,Yes,3,4,5
15,23,Adult,2,2,1,Yes,3,3,3
42,28,Adult,1,2,2,No,5,3,3
51,9,Senior Citizen,2,4,2,No,2,2,3
0,55,Adult,2,2,2,Yes,4,3,1
21,33,Teenager,1,1,1,No,5,3,4
59,39,Adult,4,1,1,No,2,4,2
42,38,Adult,3,5,1,Yes,5,3,5
60,16,Teenager,5,5,1,No,4,4,2
42,56,Teenager,4,5,4,Yes,1,5,2
60,58,Teenager,1,2,3,Yes,4,3,1
38,60,Teenager,1,2,5,Yes,4,3,1
4,40,Teenager,1,4,1,Yes,1,2,1
59,60,Adult,1,3,4,No,5,2,1
28,57,Teenager,4,4,5,Yes,2,4,5
27,3,Teenager,4,3,2,Yes,5,2,2
41,38,Teenager,1,5,1,Yes,4,4,5
19,9,Senior Citizen,1,2,4,No,1,2,5
9,53,Adult,5,1,5,No,1,4,5
42,16,Adult,2,5,3,No,2,3,5
58,30,Adult,1,2,5,Yes,3,2,5
5,29,Senior Citizen,1,3,4,No,1,2,5
0,3,Teenager,2,1,3,Yes,4,2,2
42,9,Teenager,2,2,2,No,2,4,1
52,7,Teenager,5,5,4,No,2,5,2
18,46,Teenager,3,3,5,Yes,4,4,5
17,56,Teenager,2,2,2,No,1,3,2
54,3,Adult,5,4,2,Yes,1,3,5
50,48,Teenager,5,3,1,No,3,2,1
18,30,Teenager,2,1,4,Yes,5,1,2
1,15,Adult,4,5,3,Yes,5,5,2
7,58,Adult,2,2,4,Yes,1,1,1
9,54,Senior Citizen,2,3,4,Yes,1,3,2
10,60,Adult,3,5,2,No,2,1,2
39,41,Teenager,2,1,5,Yes,4,3,3
43,21,Adult,4,1,3,Yes,5,4,5
31,10,Senior Citizen,5,3,4,No,4,3,4
39,37,Senior Citizen,4,3,5,No,4,4,4
10,12,Adult,1,4,4,Yes,5,2,2
12,38,Teenager,3,3,1,Yes,5,2,4
52,1,Teenager,5,2,1,Yes,5,4,1
16,23,Teenager,5,3,2,Yes,3,4,3
60,11,Teenager,3,5,1,Yes,3,1,3
53,32,Teenager,3,4,2,Yes,4,1,5
14,6,Senior Citizen,4,2,1,No,4,3,5
30,24,Teenager,1,3,2,No,4,1,1
45,8,Teenager,1,5,5,Yes,5,4,5
14,0,Teenager,3,4,2,Yes,1,2,3
9,48,Senior Citizen,1,3,1,Yes,3,1,5
6,18,Adult,5,3,5,Yes,4,4,5
2,8,Teenager,1,2,2,Yes,3,5,1
12,27,Senior Citizen,3,4,1,No,4,1,2
50,8,Adult,5,3,4,No,4,1,4
50,40,Teenager,4,4,1,Yes,4,3,4
17,29,Adult,4,1,4,Yes,1,3,1
49,24,Senior Citizen,4,1,1,Yes,1,3,5
4,40,Senior Citizen,3,1,2,No,1,2,1
25,57,Adult,2,4,5,No,3,2,2
26,9,Senior Citizen,1,4,4,No,5,2,5
0,3,Senior Citizen,1,1,2,Yes,4,5,4
1,59,Senior Citizen,5,3,3,No,2,1,3
59,8,Adult,1,4,2,Yes,5,5,2
46,37,Senior Citizen,1,4,5,No,4,2,4
14,30,Senior Citizen,2,1,2,No,5,4,5
54,2,Teenager,3,5,4,Yes,4,4,1
38,41,Adult,4,5,5,No,4,3,2
25,29,Adult,1,1,2,Yes,2,2,2
7,5,Teenager,2,3,1,Yes,1,1,5
57,2,Senior Citizen,1,5,4,No,1,3,5
20,32,Senior Citizen,1,4,5,No,2,3,3
14,5,Adult,5,4,2,No,2,2,4
60,54,Senior Citizen,1,3,5,No,3,4,2
23,60,Adult,3,4,3,Yes,5,3,2
18,23,Teenager,5,4,2,No,4,2,5
16,3,Adult,5,3,5,No,2,1,3
46,1,Adult,1,1,2,No,3,3,1
17,53,Adult,5,3,4,Yes,5,3,2
18,55,Senior Citizen,2,2,1,Yes,3,5,3
30,51,Teenager,2,1,5,No,1,4,3
10,4,Adult,1,4,3,Yes,1,5,3
59,44,Teenager,4,5,1,No,4,1,2
42,15,Adult,5,4,2,Yes,3,4,4
56,2,Teenager,2,1,2,No,4,2,3
36,37,Teenager,3,2,1,No,4,5,1
0,42,Teenager,3,2,3,No,1,4,2
47,20,Adult,1,3,3,No,1,5,5
46,26,Teenager,4,2,5,No,4,2,2
47,9,Teenager,1,5,4,Yes,1,1,1
37,24,Teenager,5,3,4,Yes,5,1,1
48,47,Adult,1,4,5,No,1,1,1
0,31,Teenager,2,3,1,Yes,4,3,5
49,1,Adult,1,4,4,Yes,1,1,4
59,19,Teenager,3,3,1,No,4,1,2
36,45,Teenager,1,3,4,No,5,2,1
23,23,Adult,4,1,1,No,5,3,3
21,9,Adult,2,3,4,No,1,3,5
34,52,Adult,5,2,4,Yes,4,1,3
47,19,Teenager,1,5,3,No,3,1,5
42,47,Senior Citizen,3,5,1,Yes,4,5,2
56,35,Senior Citizen,2,1,5,No,2,4,1
43,35,Senior Citizen,5,2,1,No,5,5,1
12,10,Adult,3,2,2,No,3,2,5
56,16,Senior Citizen,3,4,5,Yes,1,3,5
53,39,Teenager,2,5,2,No,2,3,1
13,15,Senior Citizen,1,5,4,Yes,3,3,1
58,25,Teenager,3,1,1,No,1,4,5
42,35,Senior Citizen,4,3,2,No,1,1,2
3,54,Adult,4,1,5,Yes,5,4,2
42,51,Senior Citizen,5,1,4,No,2,5,4
57,27,Adult,4,3,5,No,1,4,3
9,46,Teenager,2,1,3,No,5,2,3
43,0,Senior Citizen,3,5,3,Yes,1,1,4
60,28,Teenager,2,4,1,No,2,3,1
21,47,Senior Citizen,5,1,4,Yes,5,3,5
25,40,Teenager,3,3,1,Yes,4,3,1
51,60,Teenager,3,1,1,Yes,3,4,1
12,37,Adult,4,3,1,Yes,5,5,1
47,45,Adult,5,4,2,No,2,1,5
2,58,Teenager,4,2,1,No,3,5,5
32,33,Adult,5,3,5,No,5,5,4
17,31,Adult,1,5,1,No,5,4,4
33,4,Adult,1,5,2,No,2,1,4
38,53,Teenager,1,1,4,No,5,5,2
22,17,Teenager,4,2,4,Yes,2,1,3
59,50,Teenager,1,2,3,No,2,5,3
33,32,Teenager,1,5,2,Yes,5,3,1
46,21,Senior Citizen,1,5,4,No,2,5,1
24,24,Adult,2,3,4,No,1,2,5
5,16,Adult,4,4,3,Yes,3,2,2
55,35,Adult,5,5,1,Yes,3,5,4
21,25,Teenager,3,5,1,Yes,5,4,3
23,7,Adult,4,2,3,No,4,1,2
15,3,Senior Citizen,4,5,3,No,3,4,1
47,18,Adult,1,1,1,Yes,1,4,1
44,7,Teenager,5,3,1,Yes,4,1,5
58,15,Teenager,1,2,1,Yes,5,3,2
24,57,Adult,3,2,2,Yes,1,2,5
56,38,Senior Citizen,1,3,5,Yes,1,3,4
28,15,Adult,5,3,1,Yes,5,4,1
2,34,Adult,1,2,4,Yes,1,2,2
28,38,Senior Citizen,4,5,1,No,2,3,5
13,2,Senior Citizen,2,5,5,Yes,3,2,1
12,15,Adult,2,5,5,No,1,4,1
8,51,Teenager,2,5,3,No,3,5,3
0,16,Adult,5,5,1,Yes,5,5,1
29,8,Teenager,1,3,5,No,2,5,5
12,31,Adult,3,2,4,No,2,1,5
4,12,Adult,3,3,4,Yes,3,5,2
10,42,Adult,4,1,5,No,4,1,3
2,35,Senior Citizen,1,1,3,Yes,5,2,4
32,19,Adult,1,5,5,No,3,4,4
18,46,Teenager,4,3,1,Yes,5,4,2
47,30,Adult,3,2,2,Yes,5,5,3
49,59,Senior Citizen,1,5,2,No,3,1,3
42,59,Teenager,4,3,1,No,2,5,5
25,58,Senior Citizen,4,4,5,No,2,3,2
40,1,Adult,4,4,5,No,2,1,4
56,11,Adult,4,1,4,No,1,2,5
45,21,Adult,5,2,2,No,5,3,4
60,56,Senior Citizen,1,2,3,Yes,5,5,1
28,47,Adult,2,3,2,Yes,5,3,5
12,9,Teenager,4,1,4,No,3,5,5
20,0,Senior Citizen,3,5,4,Yes,4,2,3
26,51,Adult,3,4,1,No,1,5,1
41,12,Senior Citizen,4,5,5,Yes,4,4,2
43,26,Senior Citizen,2,1,1,Yes,4,2,1
24,55,Senior Citizen,5,3,4,No,1,5,3
42,31,Teenager,1,2,2,No,5,3,4
34,10,Adult,4,1,4,Yes,4,2,4
53,37,Adult,1,3,5,No,1,1,3
57,12,Senior Citizen,3,2,5,No,3,2,5
35,40,Teenager,2,1,4,No,3,3,5
1,41,Senior Citizen,5,1,3,Yes,2,2,5
55,43,Adult,4,4,2,No,2,4,1
6,49,Senior Citizen,1,3,1,No,5,2,4
21,3,Adult,4,2,3,No,1,4,3
30,12,Teenager,3,3,2,Yes,5,1,1
26,54,Senior Citizen,4,5,3,No,5,1,4
14,20,Senior Citizen,2,1,3,Yes,5,4,1
50,28,Adult,4,3,3,Yes,1,1,1
31,8,Adult,2,5,3,Yes,4,1,4
30,31,Teenager,4,3,1,No,3,1,2
26,52,Senior Citizen,1,4,4,Yes,5,4,1
54,18,Senior Citizen,5,5,5,No,2,1,1
48,16,Adult,4,5,4,No,2,3,5
1,35,Senior Citizen,2,3,2,Yes,4,3,2
6,35,Adult,4,4,5,No,5,5,5
25,18,Teenager,5,3,3,Yes,3,3,2
42,6,Adult,1,1,1,Yes,1,2,5
14,53,Senior Citizen,5,5,3,Yes,3,4,2
12,28,Senior Citizen,5,5,1,No,5,4,3
1,49,Adult,2,2,3,No,3,4,1
49,19,Adult,2,2,3,Yes,1,2,1
22,55,Adult,2,3,2,Yes,4,1,5
35,34,Teenager,2,2,4,Yes,2,2,3
31,19,Teenager,5,1,4,Yes,2,5,4
60,60,Senior Citizen,3,4,2,Yes,2,1,5
24,20,Teenager,3,2,2,Yes,4,1,1
57,49,Teenager,3,4,1,No,5,3,1
7,11,Senior Citizen,1,3,1,Yes,4,5,4
0,50,Teenager,4,5,1,No,4,4,4
3,46,Senior Citizen,5,5,1,No,3,1,1
19,57,Senior Citizen,2,3,2,Yes,2,2,5
22,40,Teenager,2,2,4,Yes,2,2,5
56,22,Senior Citizen,1,4,1,No,4,1,4
47,50,Adult,2,4,5,No,4,5,2
10,23,Adult,3,4,2,Yes,4,1,4
42,25,Teenager,4,1,3,No,4,2,3
56,57,Teenager,2,5,2,No,2,3,2
16,45,Teenager,4,3,2,Yes,1,4,3
15,53,Adult,2,5,5,Yes,1,4,1
31,29,Adult,3,2,1,Yes,4,3,2
8,11,Teenager,5,5,4,No,5,3,4
60,8,Adult,3,2,2,Yes,2,5,3
9,5,Teenager,1,5,2,No,3,3,1
58,50,Teenager,5,4,3,No,3,4,3
9,33,Teenager,3,3,5,Yes,2,1,1
40,16,Senior Citizen,3,3,5,Yes,1,4,4
17,25,Senior Citizen,4,1,1,No,1,3,3
20,23,Adult,1,3,3,Yes,5,2,4
32,55,Senior Citizen,1,5,5,No,4,2,4
5,16,Teenager,5,2,2,Yes,5,5,3
31,5,Senior Citizen,3,1,2,Yes,5,2,5
25,45,Adult,1,1,2,Yes,2,4,5
28,59,Adult,4,2,3,No,4,5,2
60,57,Adult,2,5,3,Yes,1,2,3
24,41,Senior Citizen,3,3,4,Yes,5,1,5
28,31,Adult,3,5,4,No,2,3,1
49,49,Teenager,5,5,3,Yes,5,5,3
34,51,Senior Citizen,4,4,4,No,2,2,4
35,32,Teenager,1,1,5,No,3,2,4
47,30,Senior Citizen,2,4,4,Yes,1,4,2
13,10,Senior Citizen,5,2,5,Yes,4,2,3
55,30,Adult,1,5,1,No,5,1,3
38,5,Teenager,3,3,5,No,5,2,2
12,11,Senior Citizen,5,2,4,No,4,4,5
36,60,Teenager,3,5,2,No,1,5,2
8,21,Senior Citizen,5,4,1,No,3,3,3
2,22,Teenager,3,2,2,Yes,2,2,3
57,59,Senior Citizen,3,1,3,No,4,3,4
38,24,Teenager,1,5,5,Yes,5,4,5
35,39,Senior Citizen,5,5,5,No,2,5,4
7,23,Senior Citizen,1,2,5,Yes,2,3,4
44,26,Senior Citizen,2,5,1,Yes,4,2,4
52,13,Senior Citizen,4,1,2,No,1,4,3
42,40,Adult,5,3,1,Yes,1,4,5
20,3,Teenager,4,1,4,Yes,3,1,5
